comparison,accuracy_min,accuracy_max,observed_paired_accuracy,independence_accuracy
1x|info_theory_untreated|DM_70min_100nM,0.5926166122732118,0.6839710791320015,0.6515503298524626,0.6660161089885737
1x|info_theory_untreated|DM_70min_175nM,0.7629973273887914,0.994345718901454,0.8523197093189762,0.8835011781356334
1x|info_theory_untreated|DM_70min_275nM,0.864416824266677,0.994345718901454,0.9377846329286033,0.9587349552782184
1x|info_theory_untreated|DM_70min_413nM,0.9644702002292548,0.994345718901454,0.990196341308093,0.9900317435911115
1x|info_theory_untreated|DM_70min_690nM,0.994345718901454,0.994345718901454,0.994345718901454,0.994345718901454
1x|info_theory_untreated|DM_70min_1117nM,0.994345718901454,0.994345718901454,0.994345718901454,0.994345718901454
1x|info_theory_untreated|DM_70min_3uM,0.994345718901454,0.994345718901454,0.994345718901454,0.994345718901454
1x|info_theory_untreated|FM1_5min_690nM,0.5380038071367481,0.543518513019101,0.543518513019101,0.543036989987094
1x|info_theory_untreated|FM2_40minINT_690nM,0.5705361950919301,0.5986314331871683,0.5919647665205016,0.5943502540488462
1x|info_theory_untreated|FM3_25minINT_690nM,0.5904800017091854,0.667285698555574,0.6443965836013522,0.6525183773918228
1x|info_theory_untreated|FM4_175minINT_690nM,0.6383186705767351,0.7636516817558039,0.7186858948545332,0.727415705495232
1x|info_theory_untreated|FM5_13minINT_690nM,0.7207415990730012,0.8778914894692408,0.7898265995503532,0.8060161831662126
1x|info_theory_untreated|FM6_10minINT_690nM,0.7347161572052402,0.9113762865870435,0.8022059809101876,0.8257920109248708
1x|info_theory_untreated|FM7_786minINT_690nM,0.7823803967327888,0.9896782743273582,0.8508217982480117,0.8694112442136268
1x|info_theory_untreated|FM8_625minINT_690nM,0.8258766626360339,0.994345718901454,0.8933783670272097,0.920232762732027
1x|info_theory_untreated|FM9_5minINT_690nM,0.8580562659846548,0.994345718901454,0.9304070999756228,0.9502378833954068
1x|DM_70min_100nM|DM_70min_175nM,0.6703807151155795,0.9639939088737531,0.7007693794665136,0.7174850691470598
1x|DM_70min_100nM|DM_70min_275nM,0.771800211993465,0.9017291066282421,0.7862343030761407,0.7927188462896447
1x|DM_70min_100nM|DM_70min_413nM,0.871853587956043,0.9278008298755187,0.871853587956043,0.8842843163702342
1x|DM_70min_100nM|DM_70min_690nM,0.9017291066282421,0.9663496708119971,0.9339289215324582,0.9483947006685692
1x|DM_70min_100nM|DM_70min_1117nM,0.9017291066282421,0.9824314827828531,0.9500107335033142,0.9644765126394254
1x|DM_70min_100nM|DM_70min_3uM,0.9017291066282421,0.9877492877492877,0.9553285384697489,0.9697943176058599
1x|DM_70min_100nM|FM1_5min_690nM,0.5858397609764366,0.6514819778776064,0.6080318168333616,0.6229791190014796
1x|DM_70min_100nM|FM2_40minINT_690nM,0.5632592287635515,0.6415301221353095,0.5632592287635515,0.5716658549397274
1x|DM_70min_100nM|FM3_25minINT_690nM,0.5145487700124011,0.6702967742692048,0.5145487700124011,0.5145487700124011
1x|DM_70min_100nM|FM4_175minINT_690nM,0.5469642037179455,0.7623895363413816,0.5671355650020705,0.5613995965066584
1x|DM_70min_100nM|FM5_13minINT_690nM,0.6293871322142115,0.8766293440548185,0.6382762696978905,0.6400000741776388
1x|DM_70min_100nM|FM6_10minINT_690nM,0.6433616903464505,0.9101141411726212,0.6506556510577249,0.6597759019362971
1x|DM_70min_100nM|FM7_786minINT_690nM,0.6910259298739991,0.9884161289129361,0.6992714683955491,0.703395135225053
1x|DM_70min_100nM|FM8_625minINT_690nM,0.7345221957772442,0.9017291066282421,0.7418280371747471,0.7542166537434534
1x|DM_70min_100nM|FM9_5minINT_690nM,0.7667017991258651,0.9017291066282421,0.7788567701231601,0.784221774406833
1x|DM_70min_175nM|DM_70min_275nM,0.6025225127169807,0.9637997988644202,0.6184770859852391,0.6287082324522812
1x|DM_70min_175nM|DM_70min_413nM,0.7014728728404633,0.9285866839344392,0.7309590146009242,0.7623050811345629
1x|DM_70min_175nM|DM_70min_690nM,0.7313483915126625,0.9372600061987185,0.7952339966162407,0.826415465432898
1x|DM_70min_175nM|DM_70min_1117nM,0.7313483915126625,0.9533418181695745,0.8113158085870968,0.842497277403754
1x|DM_70min_175nM|DM_70min_3uM,0.7313483915126625,0.9586596231360092,0.8166336135535314,0.8478150823701887
1x|DM_70min_175nM|FM1_5min_690nM,0.7549233502435881,0.9563419117647058,0.8088011962998752,0.8404641881485393
1x|DM_70min_175nM|FM2_40minINT_690nM,0.732342818030703,0.9238095238095239,0.7603549427984746,0.7891509240867872
1x|DM_70min_175nM|FM3_25minINT_690nM,0.6836323592795526,0.9515817494253785,0.707923125717624,0.7309828007438106
1x|DM_70min_175nM|FM4_175minINT_690nM,0.6376643162097226,0.9635789570876012,0.6376643162097226,0.6560854726404014
1x|DM_70min_175nM|FM5_13minINT_690nM,0.6058474369925518,0.9129729078085059,0.6058474369925518,0.6058474369925518
1x|DM_70min_175nM|FM6_10minINT_690nM,0.5863371980069881,0.9185085886618306,0.5863371980069881,0.5863371980069881
1x|DM_70min_175nM|FM7_786minINT_690nM,0.5556994497942219,0.9871190030645081,0.5556994497942219,0.5556994497942219
1x|DM_70min_175nM|FM8_625minINT_690nM,0.5654386065100927,0.9322162604169512,0.5654386065100927,0.5654386065100927
1x|DM_70min_175nM|FM9_5minINT_690nM,0.5976182098587136,0.9574832254122969,0.5976182098587136,0.606859052121833
1x|DM_70min_275nM|DM_70min_413nM,0.6000533759625778,0.724644674339573,0.6124819286156851,0.6335968486822816
1x|DM_70min_275nM|DM_70min_690nM,0.629928894634777,0.7333179966038523,0.6767569106310016,0.6977072329806167
1x|DM_70min_275nM|DM_70min_1117nM,0.629928894634777,0.7493998085747083,0.6928387226018576,0.7137890449514728
1x|DM_70min_275nM|DM_70min_3uM,0.629928894634777,0.754717613541143,0.6981565275682923,0.7191068499179074
1x|DM_70min_275nM|FM1_5min_690nM,0.8574458629605688,0.9563419117647058,0.8942661199095022,0.9156979652911242
1x|DM_70min_275nM|FM2_40minINT_690nM,0.8348653307476837,0.9238095238095239,0.8458198664081017,0.8643847012293722
1x|DM_70min_275nM|FM3_25minINT_690nM,0.7861548719965332,0.9038657171922686,0.793388049327251,0.8062165778863956
1x|DM_70min_275nM|FM4_175minINT_690nM,0.7390838130876082,0.8629605688429218,0.7446269732797247,0.7390838130876082
1x|DM_70min_275nM|FM5_13minINT_690nM,0.7072669338704374,0.8764352340454855,0.7072669338704374,0.7072669338704374
1x|DM_70min_275nM|FM6_10minINT_690nM,0.6877566948848737,0.9099200311632883,0.6877566948848737,0.6877566948848737
1x|DM_70min_275nM|FM7_786minINT_690nM,0.6571189466721075,0.9882220189036031,0.6571189466721075,0.6571189466721075
1x|DM_70min_275nM|FM8_625minINT_690nM,0.5828885176989594,0.8798302131754013,0.5828885176989594,0.5828885176989594
1x|DM_70min_275nM|FM9_5minINT_690nM,0.5254419493549929,0.7902040414828139,0.5254419493549929,0.5254419493549929
1x|DM_70min_413nM|DM_70min_690nM,0.5385488409364784,0.5684243596086775,0.5642749820153166,0.5641103842983352
1x|DM_70min_413nM|DM_70min_1117nM,0.5546306529073345,0.5845061715795337,0.5803567939861727,0.5801921962691912
1x|DM_70min_413nM|DM_70min_3uM,0.5599484578737691,0.5898239765459683,0.5856745989526072,0.5855100012356258
1x|DM_70min_413nM|FM1_5min_690nM,0.9264663930925067,0.9563419117647058,0.9466778282889919,0.9469947536040174
1x|DM_70min_413nM|FM2_40minINT_690nM,0.8997055917802805,0.9278008298755187,0.8997055917802805,0.8997055917802805
1x|DM_70min_413nM|FM3_25minINT_690nM,0.8739901985200694,0.9278008298755187,0.8791855738424588,0.8874719653499107
1x|DM_70min_413nM|FM4_175minINT_690nM,0.839137189050186,0.9278008298755187,0.8571089018954098,0.8660033102530901
1x|DM_70min_413nM|FM5_13minINT_690nM,0.8073203098330152,0.9278008298755187,0.8140097988777929,0.8303639802106337
1x|DM_70min_413nM|FM6_10minINT_690nM,0.7878100708474515,0.9278008298755187,0.7929043831198246,0.8166550108514893
1x|DM_70min_413nM|FM7_786minINT_690nM,0.7571723226346853,0.9530089039736221,0.7632182127173339,0.7819722563999304
1x|DM_70min_413nM|FM8_625minINT_690nM,0.6829418936615372,0.8446170982454204,0.6880480866201388,0.7150670800419375
1x|DM_70min_413nM|FM9_5minINT_690nM,0.6254953253175707,0.754990926552833,0.6354506478759644,0.6554460290127299
1x|DM_70min_690nM|DM_70min_1117nM,0.516081811970856,0.516081811970856,0.516081811970856,0.516081811970856
1x|DM_70min_690nM|DM_70min_3uM,0.5213996169372906,0.5213996169372906,0.5213996169372906,0.5213996169372906
1x|DM_70min_690nM|FM1_5min_690nM,0.9608349649296442,0.9663496708119971,0.9663496708119971,0.9658681477799902
1x|DM_70min_690nM|FM2_40minINT_690nM,0.938254432716759,0.9663496708119971,0.9596830041453304,0.962068491673675
1x|DM_70min_690nM|FM3_25minINT_690nM,0.9038657171922686,0.9663496708119971,0.9434605558577753,0.9515823496482458
1x|DM_70min_690nM|FM4_175minINT_690nM,0.8690127077223851,0.9663496708119971,0.9213838839107263,0.9301136945514252
1x|DM_70min_690nM|FM5_13minINT_690nM,0.8371958285052143,0.9663496708119971,0.8782847808931095,0.8944743645089689
1x|DM_70min_690nM|FM6_10minINT_690nM,0.8176855895196506,0.9663496708119971,0.8571793651351411,0.8807653951498243
1x|DM_70min_690nM|FM7_786minINT_690nM,0.7870478413068844,0.9663496708119971,0.8274931947326505,0.8460826406982656
1x|DM_70min_690nM|FM8_625minINT_690nM,0.7128174123337364,0.8532904205096996,0.7523230686354554,0.7791774643402727
1x|DM_70min_690nM|FM9_5minINT_690nM,0.6553708439897699,0.7636642488171121,0.699725629891281,0.719556413311065
1x|DM_70min_1117nM|DM_70min_3uM,0.5053178049664346,0.5053178049664346,0.5053178049664346,0.5053178049664346
1x|DM_70min_1117nM|FM1_5min_690nM,0.9769167769005002,0.9824314827828531,0.9824314827828531,0.9819499597508462
1x|DM_70min_1117nM|FM2_40minINT_690nM,0.954336244687615,0.9824314827828531,0.9757648161161865,0.9781503036445311
1x|DM_70min_1117nM|FM3_25minINT_690nM,0.9056257859364645,0.9824314827828531,0.9595423678286313,0.967664161619102
1x|DM_70min_1117nM|FM4_175minINT_690nM,0.8690127077223851,0.9824314827828531,0.9374656958815824,0.9461955065222812
1x|DM_70min_1117nM|FM5_13minINT_690nM,0.8371958285052143,0.9824314827828531,0.8943665928639655,0.9105561764798249
1x|DM_70min_1117nM|FM6_10minINT_690nM,0.8176855895196506,0.9824314827828531,0.8732611771059973,0.8968472071206804
1x|DM_70min_1117nM|FM7_786minINT_690nM,0.7870478413068844,0.9824314827828531,0.8435750067035066,0.8621644526691216
1x|DM_70min_1117nM|FM8_625minINT_690nM,0.7128174123337364,0.8693722324805556,0.7684048806063114,0.7952592763111287
1x|DM_70min_1117nM|FM9_5minINT_690nM,0.6553708439897699,0.7797460607879683,0.715807441862137,0.735638225281921
1x|DM_70min_3uM|FM1_5min_690nM,0.9822345818669348,0.9877492877492877,0.9877492877492877,0.9872677647172808
1x|DM_70min_3uM|FM2_40minINT_690nM,0.9596540496540497,0.9877492877492877,0.9810826210826211,0.9834681086109658
1x|DM_70min_3uM|FM3_25minINT_690nM,0.9109435909028991,0.9877492877492877,0.964860172795066,0.9729819665855365
1x|DM_70min_3uM|FM4_175minINT_690nM,0.8690127077223851,0.9877492877492877,0.942783500848017,0.9515133114887159
1x|DM_70min_3uM|FM5_13minINT_690nM,0.8371958285052143,0.9877492877492877,0.8996843978304001,0.9158739814462595
1x|DM_70min_3uM|FM6_10minINT_690nM,0.8176855895196506,0.9877492877492877,0.8785789820724319,0.902165012087115
1x|DM_70min_3uM|FM7_786minINT_690nM,0.7870478413068844,0.9877492877492877,0.8488928116699412,0.8674822576355562
1x|DM_70min_3uM|FM8_625minINT_690nM,0.7128174123337364,0.8746900374469903,0.773722685572746,0.8005770812775633
1x|DM_70min_3uM|FM9_5minINT_690nM,0.6553708439897699,0.7850638657544028,0.7211252468285716,0.7409560302483557
1x|FM1_5min_690nM|FM2_40minINT_690nM,0.5325323879551821,0.5661423319327731,0.5484462535014005,0.5513132640617522
1x|FM1_5min_690nM|FM3_25minINT_690nM,0.5712909909640357,0.6347965973011789,0.6008780705822512,0.6094813874047287
1x|FM1_5min_690nM|FM4_175minINT_690nM,0.6328039646943822,0.7311625805014088,0.6751673818354321,0.684378715508138
1x|FM1_5min_690nM|FM5_13minINT_690nM,0.7152268931906482,0.8454023882148456,0.7463080865312521,0.7629791931791184
1x|FM1_5min_690nM|FM6_10minINT_690nM,0.7292014513228873,0.8788871853326483,0.7586874678910865,0.7827550209377766
1x|FM1_5min_690nM|FM7_786minINT_690nM,0.7768656908504359,0.9571891730729631,0.8073032852289107,0.8263742542265327
1x|FM1_5min_690nM|FM8_625minINT_690nM,0.820361956753681,0.9563419117647058,0.8498598540081087,0.8771957727449329
1x|FM1_5min_690nM|FM9_5minINT_690nM,0.8525415601023018,0.9563419117647058,0.8868885869565217,0.9072008934083127
1x|FM2_40minINT_690nM|FM3_25minINT_690nM,0.5487104587511505,0.6248447415588819,0.5524318170808507,0.5581681233429765
1x|FM2_40minINT_690nM|FM4_175minINT_690nM,0.610223432481497,0.7212107247591119,0.6267211283340316,0.6330654514463858
1x|FM2_40minINT_690nM|FM5_13minINT_690nM,0.6926463609777631,0.8354505324725487,0.6978618330298516,0.7116659291173663
1x|FM2_40minINT_690nM|FM6_10minINT_690nM,0.7066209191100021,0.8689353295903515,0.710241214389686,0.7314417568760245
1x|FM2_40minINT_690nM|FM7_786minINT_690nM,0.7542851586375507,0.9472373173306662,0.7588570317275102,0.7750609901647805
1x|FM2_40minINT_690nM|FM8_625minINT_690nM,0.7977814245407958,0.9238095238095239,0.8014136005067082,0.8258825086831808
1x|FM2_40minINT_690nM|FM9_5minINT_690nM,0.8299610278894166,0.9238095238095239,0.8384423334551212,0.8558876293465605
1x|FM3_25minINT_690nM|FM4_175minINT_690nM,0.5615129737303465,0.7499773768930071,0.574289311253181,0.5748973281034093
1x|FM3_25minINT_690nM|FM5_13minINT_690nM,0.6439359022266126,0.8642171846064439,0.645430015949001,0.6534978057743898
1x|FM3_25minINT_690nM|FM6_10minINT_690nM,0.6579104603588516,0.8977019817242466,0.6579104603588516,0.6732736335330479
1x|FM3_25minINT_690nM|FM7_786minINT_690nM,0.7055746998864002,0.9760039694645615,0.7064252146466595,0.716892866821804
1x|FM3_25minINT_690nM|FM8_625minINT_690nM,0.7490709657896453,0.9038657171922686,0.7490709657896453,0.7677143853402042
1x|FM3_25minINT_690nM|FM9_5minINT_690nM,0.7812505691382661,0.9038657171922686,0.7860105163742706,0.797719506003584
1x|FM4_175minINT_690nM|FM5_13minINT_690nM,0.5824229284962661,0.8762143922686666,0.5824229284962661,0.5824229284962661
1x|FM4_175minINT_690nM|FM6_10minINT_690nM,0.5963974866285051,0.9096991893864693,0.5963974866285051,0.5983763054296387
1x|FM4_175minINT_690nM|FM7_786minINT_690nM,0.6440617261560537,0.988001177126784,0.6440617261560537,0.6440617261560537
1x|FM4_175minINT_690nM|FM8_625minINT_690nM,0.6875579920592988,0.8796093713985823,0.6875579920592988,0.692817057236795
1x|FM4_175minINT_690nM|FM9_5minINT_690nM,0.7197375954079196,0.8616813294232649,0.7216582540194454,0.7228221779001747
1x|FM5_13minINT_690nM|FM6_10minINT_690nM,0.5195102389855637,0.859093140107374,0.5211054157579683,0.5197758277586582
1x|FM5_13minINT_690nM|FM7_786minINT_690nM,0.5616387976597876,0.9373951278476887,0.5616387976597876,0.5633950610474142
1x|FM5_13minINT_690nM|FM8_625minINT_690nM,0.6243784161714779,0.8448516955980165,0.6259617122576541,0.6243784161714779
1x|FM5_13minINT_690nM|FM9_5minINT_690nM,0.6818249845154446,0.8701186605933623,0.6818249845154446,0.6818249845154446
1x|FM6_10minINT_690nM|FM7_786minINT_690nM,0.5476642395275486,0.9429308087010135,0.5486158173378242,0.5476642395275486
1x|FM6_10minINT_690nM|FM8_625minINT_690nM,0.6048681771859142,0.8783364927158193,0.6048681771859142,0.6048681771859142
1x|FM6_10minINT_690nM|FM9_5minINT_690nM,0.6623147455298808,0.903603457711165,0.6623147455298808,0.6623147455298808
1x|FM7_786minINT_690nM|FM8_625minINT_690nM,0.5742304289731481,0.9566384804561341,0.5751701260971952,0.5742304289731481
1x|FM7_786minINT_690nM|FM9_5minINT_690nM,0.6316769973171147,0.9819054454514797,0.6316769973171147,0.6316769973171147
1x|FM8_625minINT_690nM|FM9_5minINT_690nM,0.5574465683439666,0.873513639723278,0.5574465683439666,0.5596210510292077
2x|info_theory_untreated|DM_70min_100nM,0.5416666666666666,0.5640525477707007,0.5594692144373673,0.5607539366595895
2x|info_theory_untreated|DM_70min_175nM,0.6692139737991266,0.8105863905654604,0.7388069145829277,0.7569219152503445
2x|info_theory_untreated|DM_70min_275nM,0.949757458209243,0.9828025477707006,0.971993406325364,0.9771487554244845
2x|info_theory_untreated|DM_70min_413nM,0.9879679144385026,0.9879679144385026,0.9879679144385026,0.9879679144385026
2x|info_theory_untreated|DM_70min_690nM,0.9942446043165467,0.9942446043165467,0.9942446043165467,0.9942446043165467
2x|info_theory_untreated|DM_70min_1117nM,0.9893262174783188,0.9893262174783188,0.9893262174783188,0.9893262174783188
2x|info_theory_untreated|DM_70min_3uM,0.9951632406287787,0.9951632406287787,0.9951632406287787,0.9951632406287787
2x|info_theory_untreated|FM1_5min_690nM,0.528257093225246,0.5351064082937392,0.5338610782812859,0.5344837432875126
2x|info_theory_untreated|FM2_40minINT_690nM,0.5519885942823285,0.5874537105613983,0.5804769663753518,0.5825463281925503
2x|info_theory_untreated|FM3_25minINT_690nM,0.583030303030303,0.6628025477707007,0.6415904265585795,0.6466997011223995
2x|info_theory_untreated|FM4_175minINT_690nM,0.6268357810413885,0.7277958722032775,0.691080251375507,0.6978226635993712
2x|info_theory_untreated|FM5_13minINT_690nM,0.7038539553752535,0.8484212090283071,0.7657640082169481,0.7824684587598427
2x|info_theory_untreated|FM6_10minINT_690nM,0.7224080267558528,0.9025349892422725,0.7949541642701432,0.8147619218269192
2x|info_theory_untreated|FM7_786minINT_690nM,0.7922138836772983,0.9828025477707006,0.8472490768513761,0.8707227945947593
2x|info_theory_untreated|FM8_625minINT_690nM,0.8188405797101449,0.9828025477707006,0.8839412641268083,0.9044126536908255
2x|info_theory_untreated|FM9_5minINT_690nM,0.868421052631579,0.9828025477707006,0.9373949110317945,0.9521143722234734
2x|DM_70min_100nM|DM_70min_175nM,0.62754730713246,0.8257005094614265,0.6793377001455604,0.6961679785907549
2x|DM_70min_100nM|DM_70min_275nM,0.927371577105209,0.9583333333333334,0.927371577105209,0.927371577105209
2x|DM_70min_100nM|DM_70min_413nM,0.946301247771836,0.9812834224598931,0.9655592691622104,0.9664031247120466
2x|DM_70min_100nM|DM_70min_690nM,0.9604166666666667,0.9942446043165467,0.9896612709832134,0.9909459932054356
2x|DM_70min_100nM|DM_70min_1117nM,0.9604166666666667,0.9893262174783188,0.9847428841449856,0.9860276063672078
2x|DM_70min_100nM|DM_70min_3uM,0.9604166666666667,0.9951632406287787,0.9905799072954454,0.9918646295176676
2x|DM_70min_100nM|FM1_5min_690nM,0.5348173515981736,0.5502205271897053,0.5348173515981736,0.5348173515981736
2x|DM_70min_100nM|FM2_40minINT_690nM,0.5296027131782945,0.6025678294573643,0.5296027131782945,0.5296027131782945
2x|DM_70min_100nM|FM3_25minINT_690nM,0.5573863636363636,0.6779166666666666,0.5821212121212122,0.5859457644628099
2x|DM_70min_100nM|FM4_175minINT_690nM,0.5851691143747219,0.7429099910992434,0.6316110369381397,0.6370687269397817
2x|DM_70min_100nM|FM5_13minINT_690nM,0.6621872887085869,0.8635353279242731,0.7062947937795808,0.7217145221002532
2x|DM_70min_100nM|FM6_10minINT_690nM,0.6807413600891862,0.9176491081382385,0.7354849498327759,0.7540079851673297
2x|DM_70min_100nM|FM7_786minINT_690nM,0.7505472170106317,0.9754025953721076,0.7877798624140088,0.8099688579351698
2x|DM_70min_100nM|FM8_625minINT_690nM,0.7771739130434783,0.9583333333333334,0.824472049689441,0.843658717031236
2x|DM_70min_100nM|FM9_5minINT_690nM,0.8438015995872034,0.9583333333333334,0.8779256965944272,0.8913604355638839
2x|DM_70min_175nM|DM_70min_275nM,0.8083850414429091,0.9144533662754787,0.8204379421768249,0.833397593745121
2x|DM_70min_175nM|DM_70min_413nM,0.8227135534642599,0.9812834224598931,0.8983631265130109,0.9160372605080416
2x|DM_70min_175nM|DM_70min_690nM,0.8414301310043668,0.9942446043165467,0.9224651283340141,0.9405801290014307
2x|DM_70min_175nM|DM_70min_1117nM,0.8414301310043668,0.9893262174783188,0.9175467414957861,0.9356617421632029
2x|DM_70min_175nM|DM_70min_3uM,0.8414301310043668,0.9951632406287787,0.9233837646462459,0.9414987653136627
2x|DM_70min_175nM|FM1_5min_690nM,0.6623646587306334,0.7891786124087076,0.7049458363016418,0.7224381719628319
2x|DM_70min_175nM|FM2_40minINT_690nM,0.6337488575200568,0.7940629125622017,0.658329948207576,0.6743755870577941
2x|DM_70min_175nM|FM3_25minINT_690nM,0.5861836707688236,0.8138444488553659,0.5972164880243482,0.610222214127945
2x|DM_70min_175nM|FM4_175minINT_690nM,0.5423781927577381,0.8191056051445595,0.5477266632074207,0.5590992516509733
2x|DM_70min_175nM|FM5_13minINT_690nM,0.5346399815761269,0.854974556454113,0.5346399815761269,0.5346399815761269
2x|DM_70min_175nM|FM6_10minINT_690nM,0.5531940529567262,0.9090883366680784,0.5561472496872155,0.5578400065765748
2x|DM_70min_175nM|FM7_786minINT_690nM,0.6229999098781717,0.9668418239019475,0.6229999098781717,0.6229999098781717
2x|DM_70min_175nM|FM8_625minINT_690nM,0.6496266059110183,0.8868714231468171,0.6496266059110183,0.6496266059110183
2x|DM_70min_175nM|FM9_5minINT_690nM,0.7248150639249035,0.868421052631579,0.7254341463084889,0.7288296857842268
2x|DM_70min_275nM|DM_70min_413nM,0.5735145481630239,0.6119072313073693,0.577925184336186,0.5826396667629206
2x|DM_70min_275nM|DM_70min_690nM,0.579791238041068,0.6128363276025257,0.6020271861571891,0.6071825352563097
2x|DM_70min_275nM|DM_70min_1117nM,0.5748728512028402,0.6079179407642978,0.5971087993189612,0.6022641484180818
2x|DM_70min_275nM|DM_70min_3uM,0.5807098743533,0.6137549639147577,0.6029458224694211,0.6081011715685417
2x|DM_70min_275nM|FM1_5min_690nM,0.9215003649839969,0.9545454545454546,0.9381323280440781,0.942665012136972
2x|DM_70min_275nM|FM2_40minINT_690nM,0.8977688639269144,0.9308139534883721,0.8977688639269144,0.8977688639269144
2x|DM_70min_275nM|FM3_25minINT_690nM,0.8699852134688454,0.9144533662754787,0.8710052969472364,0.8709592224119359
2x|DM_70min_275nM|FM4_175minINT_690nM,0.8487973670473541,0.9144533662754787,0.8555017973315873,0.8570888604563308
2x|DM_70min_275nM|FM5_13minINT_690nM,0.8051902045561894,0.9144533662754787,0.8095602173479987,0.8211093187917726
2x|DM_70min_275nM|FM6_10minINT_690nM,0.7696304957228233,0.9144533662754787,0.7846365931872283,0.7992890016448837
2x|DM_70min_275nM|FM7_786minINT_690nM,0.7366547228212815,0.9249843845423773,0.7366547228212815,0.7524682445897366
2x|DM_70min_275nM|FM8_625minINT_690nM,0.6833110180989977,0.8450139837872469,0.6908716624657758,0.7061877029306725
2x|DM_70min_275nM|FM9_5minINT_690nM,0.5835699775180057,0.6956924702848208,0.595003795868336,0.6045679079608942
2x|DM_70min_413nM|DM_70min_690nM,0.5187165775401069,0.524993267418151,0.5241020018210031,0.5245428684933892
2x|DM_70min_413nM|DM_70min_1117nM,0.5187165775401069,0.5200748805799231,0.5191836149827752,0.5196244816551612
2x|DM_70min_413nM|DM_70min_3uM,0.5187165775401069,0.525911903730383,0.5250206381332351,0.525461504805621
2x|DM_70min_413nM|FM1_5min_690nM,0.9811185993700096,0.9812834224598931,0.9811185993700096,0.9811185993700096
2x|DM_70min_413nM|FM2_40minINT_690nM,0.952502798159433,0.9812834224598931,0.9631658583094972,0.9647943534543096
2x|DM_70min_413nM|FM3_25minINT_690nM,0.9049376114081996,0.9812834224598931,0.9489304812834225,0.9535988891748565
2x|DM_70min_413nM|FM4_175minINT_690nM,0.8631258790687047,0.9812834224598931,0.9334269816677733,0.9397285272192514
2x|DM_70min_413nM|FM5_13minINT_690nM,0.81951871657754,0.9812834224598931,0.8874854016841847,0.9037489855546933
2x|DM_70min_413nM|FM6_10minINT_690nM,0.7839590077441739,0.9812834224598931,0.8625617775234143,0.8819286684078044
2x|DM_70min_413nM|FM7_786minINT_690nM,0.7509832348426323,0.9708014367268313,0.81207506028166,0.8351079113526572
2x|DM_70min_413nM|FM8_625minINT_690nM,0.6976395301203485,0.8908310359717009,0.7687968468019619,0.788827369693593
2x|DM_70min_413nM|FM9_5minINT_690nM,0.6195468618069238,0.7415095224692748,0.672928980204522,0.6872075747238149
2x|DM_70min_690nM|DM_70min_1117nM,0.5049183868382279,0.5049183868382279,0.5049183868382279,0.5049183868382279
2x|DM_70min_690nM|DM_70min_3uM,0.500918636312232,0.500918636312232,0.500918636312232,0.500918636312232
2x|DM_70min_690nM|FM1_5min_690nM,0.9873952892480536,0.9942446043165467,0.9929992743040935,0.9936219393103202
2x|DM_70min_690nM|FM2_40minINT_690nM,0.958779488037477,0.9942446043165467,0.9872678601305003,0.9893372219476987
2x|DM_70min_690nM|FM3_25minINT_690nM,0.9112143012862437,0.9942446043165467,0.9730324831044256,0.9781417576682455
2x|DM_70min_690nM|FM4_175minINT_690nM,0.8818424566088118,0.9942446043165467,0.9575289834887764,0.9642713957126405
2x|DM_70min_690nM|FM5_13minINT_690nM,0.8382352941176471,0.9942446043165467,0.9115874035051877,0.9282918540480823
2x|DM_70min_690nM|FM6_10minINT_690nM,0.802675585284281,0.9942446043165467,0.8866637793444174,0.9064715369011934
2x|DM_70min_690nM|FM7_786minINT_690nM,0.7696998123827392,0.9717305330219876,0.8361770621026631,0.8596507798460463
2x|DM_70min_690nM|FM8_625minINT_690nM,0.7163561076604554,0.8917601322668574,0.792898848622965,0.8133702381869822
2x|DM_70min_690nM|FM9_5minINT_690nM,0.6258235516849678,0.7424386187644312,0.697030982025525,0.7117504432172039
2x|DM_70min_1117nM|DM_70min_3uM,0.5058370231504599,0.5058370231504599,0.5058370231504599,0.5058370231504599
2x|DM_70min_1117nM|FM1_5min_690nM,0.9824769024098258,0.9893262174783188,0.9880808874658655,0.9887035524720922
2x|DM_70min_1117nM|FM2_40minINT_690nM,0.9538611011992492,0.9893262174783188,0.9823494732922724,0.9844188351094708
2x|DM_70min_1117nM|FM3_25minINT_690nM,0.9062959144480158,0.9893262174783188,0.9681140962661977,0.9732233708300176
2x|DM_70min_1117nM|FM4_175minINT_690nM,0.8818424566088118,0.9893262174783188,0.9526105966505485,0.9593530088744127
2x|DM_70min_1117nM|FM5_13minINT_690nM,0.8382352941176471,0.9893262174783188,0.9066690166669599,0.9233734672098545
2x|DM_70min_1117nM|FM6_10minINT_690nM,0.802675585284281,0.9893262174783188,0.8817453925061896,0.9015531500629655
2x|DM_70min_1117nM|FM7_786minINT_690nM,0.7696998123827392,0.9668121461837598,0.8312586752644352,0.8547323930078184
2x|DM_70min_1117nM|FM8_625minINT_690nM,0.7163561076604554,0.8868417454286295,0.7879804617847371,0.8084518513487543
2x|DM_70min_1117nM|FM9_5minINT_690nM,0.62090516484674,0.7375202319262033,0.6921125951872972,0.7068320563789761
2x|DM_70min_3uM|FM1_5min_690nM,0.9883139255602855,0.9951632406287787,0.9939179106163254,0.994540575622552
2x|DM_70min_3uM|FM2_40minINT_690nM,0.9596981243497089,0.9951632406287787,0.9881864964427322,0.9902558582599307
2x|DM_70min_3uM|FM3_25minINT_690nM,0.9121329375984757,0.9951632406287787,0.9739511194166575,0.9790603939804775
2x|DM_70min_3uM|FM4_175minINT_690nM,0.8818424566088118,0.9951632406287787,0.9584476198010083,0.9651900320248725
2x|DM_70min_3uM|FM5_13minINT_690nM,0.8382352941176471,0.9951632406287787,0.9125060398174197,0.9292104903603143
2x|DM_70min_3uM|FM6_10minINT_690nM,0.802675585284281,0.9951632406287787,0.8875824156566494,0.9073901732134254
2x|DM_70min_3uM|FM7_786minINT_690nM,0.7696998123827392,0.9726491693342196,0.8370956984148951,0.8605694161582783
2x|DM_70min_3uM|FM8_625minINT_690nM,0.7163561076604554,0.8926787685790892,0.793817484935197,0.814288874499214
2x|DM_70min_3uM|FM9_5minINT_690nM,0.6267421879971997,0.7433572550766632,0.697949618337757,0.7126690795294359
2x|FM1_5min_690nM|FM2_40minINT_690nM,0.5286158012105766,0.5660459324046454,0.5466158880940658,0.5480625849050377
2x|FM1_5min_690nM|FM3_25minINT_690nM,0.5761809879618098,0.6413947696139477,0.6077293482772935,0.6122159578348868
2x|FM1_5min_690nM|FM4_175minINT_690nM,0.6199864659728954,0.7063880940465245,0.6572191730942211,0.6633389203118586
2x|FM1_5min_690nM|FM5_13minINT_690nM,0.6970046403067603,0.8270134308715542,0.7319029299356622,0.7479847154723301
2x|FM1_5min_690nM|FM6_10minINT_690nM,0.7155587116873597,0.8811272110855196,0.7610930859888573,0.7802781785394066
2x|FM1_5min_690nM|FM7_786minINT_690nM,0.7853645686088052,0.9545454545454546,0.8133879985700901,0.8362390513072467
2x|FM1_5min_690nM|FM8_625minINT_690nM,0.8119912646416517,0.9545454545454546,0.8500801858455224,0.8699289104033129
2x|FM1_5min_690nM|FM9_5minINT_690nM,0.8615717375630858,0.9545454545454546,0.9035338327505086,0.9176306289359608
2x|FM2_40minINT_690nM|FM3_25minINT_690nM,0.5475651867512332,0.6462790697674419,0.5611134601832276,0.5641533729298491
2x|FM2_40minINT_690nM|FM4_175minINT_690nM,0.5913706647623187,0.7112723942000186,0.6106032850001553,0.6152763354068209
2x|FM2_40minINT_690nM|FM5_13minINT_690nM,0.6683888390961837,0.8318977310250484,0.6852870418415963,0.6999221305672925
2x|FM2_40minINT_690nM|FM6_10minINT_690nM,0.6869429104767831,0.8860115112390138,0.7144771978947915,0.7322155936343689
2x|FM2_40minINT_690nM|FM7_786minINT_690nM,0.7567487673982285,0.9437649984728828,0.7667721104760242,0.7881764664022091
2x|FM2_40minINT_690nM|FM8_625minINT_690nM,0.7833754634310751,0.9308139534883721,0.8034642977514564,0.8218663254982752
2x|FM2_40minINT_690nM|FM9_5minINT_690nM,0.8329559363525092,0.9308139534883721,0.8569179446564428,0.8695680440309231
2x|FM3_25minINT_690nM|FM4_175minINT_690nM,0.5438054780110855,0.7310539304931828,0.5494898248169277,0.5511229624769717
2x|FM3_25minINT_690nM|FM5_13minINT_690nM,0.6208236523449505,0.8516792673182125,0.6241735816583687,0.6357687576374433
2x|FM3_25minINT_690nM|FM6_10minINT_690nM,0.6393777237255498,0.9057930475321779,0.6533637377115638,0.6680622207045198
2x|FM3_25minINT_690nM|FM7_786minINT_690nM,0.7091835806469953,0.963546534766047,0.7091835806469953,0.7240230934723598
2x|FM3_25minINT_690nM|FM8_625minINT_690nM,0.7358102766798419,0.9030303030303031,0.7423508375682288,0.757712952568426
2x|FM3_25minINT_690nM|FM9_5minINT_690nM,0.7864152359508396,0.9030303030303031,0.7958044844732152,0.805414671101074
2x|FM4_175minINT_690nM|FM5_13minINT_690nM,0.577018174333865,0.8569404236074062,0.577018174333865,0.5846457951604715
2x|FM4_175minINT_690nM|FM6_10minINT_690nM,0.5955722457144643,0.9110542038213716,0.6038739128946362,0.616939258227548
2x|FM4_175minINT_690nM|FM7_786minINT_690nM,0.6653781026359098,0.9688076910552407,0.6653781026359098,0.6729001309953881
2x|FM4_175minINT_690nM|FM8_625minINT_690nM,0.6920047986687564,0.8888372903001103,0.6928610127513013,0.7065899900914543
2x|FM4_175minINT_690nM|FM9_5minINT_690nM,0.7652273895293484,0.8731642189586115,0.7652273895293484,0.7652273895293484
2x|FM5_13minINT_690nM|FM6_10minINT_690nM,0.5355597088333661,0.8776431919786712,0.5355597088333661,0.5355597088333661
2x|FM5_13minINT_690nM|FM7_786minINT_690nM,0.5883599283020448,0.9353966792125403,0.5883599283020448,0.5883599283020448
2x|FM5_13minINT_690nM|FM8_625minINT_690nM,0.6218791864571915,0.8554262784574099,0.6218791864571915,0.6219441949309827
2x|FM5_13minINT_690nM|FM9_5minINT_690nM,0.7216202270381837,0.868421052631579,0.7216202270381837,0.7216202270381837
2x|FM6_10minINT_690nM|FM7_786minINT_690nM,0.5698058569214455,0.9524023166653072,0.5698058569214455,0.5698058569214455
2x|FM6_10minINT_690nM|FM8_625minINT_690nM,0.5964325529542921,0.8845357541009715,0.5964325529542921,0.5964325529542921
2x|FM6_10minINT_690nM|FM9_5minINT_690nM,0.6860605182048176,0.9047685611826142,0.6896327973188924,0.6947210936839895
2x|FM7_786minINT_690nM|FM8_625minINT_690nM,0.5533437047222838,0.9422892413348405,0.5533437047222838,0.5533437047222838
2x|FM7_786minINT_690nM|FM9_5minINT_690nM,0.6530847453032759,0.9625220484164833,0.6530847453032759,0.6530847453032759
2x|FM8_625minINT_690nM|FM9_5minINT_690nM,0.5997410405809921,0.8825516476613529,0.5997410405809921,0.6016197949697781
